ID,DATE,ELEMENT,VALUE,MEASUREMENT_FLAG,QUALITY_FLAG,SOURCE_FLAG,OBSERVATION_TIME,COUNTRYCODE,YEAR,NAME,LATITUDE,LONGITUDE
NZ000093994,19400308,TMAX,261.0,"","",G,"",NZ,1940,RAOUL ISL/KERMADEC,-29.25,-177.917
NZ000093994,19400308,TMIN,211.0,"","",G,"",NZ,1940,RAOUL ISL/KERMADEC,-29.25,-177.917
NZ000093994,19400309,TMAX,243.0,"","",G,"",NZ,1940,RAOUL ISL/KERMADEC,-29.25,-177.917
NZ000093994,19400309,TMIN,227.0,"","",G,"",NZ,1940,RAOUL ISL/KERMADEC,-29.25,-177.917
NZ000093994,19400310,TMAX,250.0,"","",G,"",NZ,1940,RAOUL ISL/KERMADEC,-29.25,-177.917
NZ000093994,19400310,TMIN,222.0,"","",G,"",NZ,1940,RAOUL ISL/KERMADEC,-29.25,-177.917
NZ000093994,19400311,TMAX,261.0,"","",G,"",NZ,1940,RAOUL ISL/KERMADEC,-29.25,-177.917
NZ000093994,19400311,TMIN,197.0,"","",G,"",NZ,1940,RAOUL ISL/KERMADEC,-29.25,-177.917
NZ000093994,19400312,TMAX,233.0,"","",G,"",NZ,1940,RAOUL ISL/KERMADEC,-29.25,-177.917
NZ000093994,19400312,TMIN,183.0,"","",G,"",NZ,1940,RAOUL ISL/KERMADEC,-29.25,-177.917
NZ000093994,19400313,TMAX,228.0,"","",G,"",NZ,1940,RAOUL ISL/KERMADEC,-29.25,-177.917
NZ000093994,19400313,TMIN,172.0,"","",G,"",NZ,1940,RAOUL ISL/KERMADEC,-29.25,-177.917
NZ000093994,19400314,TMAX,233.0,"","",G,"",NZ,1940,RAOUL ISL/KERMADEC,-29.25,-177.917
NZ000093994,19400314,TMIN,194.0,"","",G,"",NZ,1940,RAOUL ISL/KERMADEC,-29.25,-177.917
NZ000093994,19400315,TMAX,232.0,"","",G,"",NZ,1940,RAOUL ISL/KERMADEC,-29.25,-177.917
NZ000093994,19400315,TMIN,199.0,"","",G,"",NZ,1940,RAOUL ISL/KERMADEC,-29.25,-177.917
NZ000093994,19400316,TMAX,234.0,"","",G,"",NZ,1940,RAOUL ISL/KERMADEC,-29.25,-177.917
NZ000093994,19400316,TMIN,179.0,"","",G,"",NZ,1940,RAOUL ISL/KERMADEC,-29.25,-177.917
NZ000093994,19400317,TMAX,248.0,"","",G,"",NZ,1940,RAOUL ISL/KERMADEC,-29.25,-177.917
NZ000093994,19400317,TMIN,185.0,"","",G,"",NZ,1940,RAOUL ISL/KERMADEC,-29.25,-177.917
NZ000093994,19400318,TMAX,239.0,"","",G,"",NZ,1940,RAOUL ISL/KERMADEC,-29.25,-177.917
NZ000093994,19400318,TMIN,200.0,"","",G,"",NZ,1940,RAOUL ISL/KERMADEC,-29.25,-177.917
NZ000093994,19400319,TMAX,239.0,"","",G,"",NZ,1940,RAOUL ISL/KERMADEC,-29.25,-177.917
NZ000093994,19400319,TMIN,200.0,"","",G,"",NZ,1940,RAOUL ISL/KERMADEC,-29.25,-177.917
NZ000093994,19400320,TMAX,243.0,"","",G,"",NZ,1940,RAOUL ISL/KERMADEC,-29.25,-177.917
NZ000093994,19400320,TMIN,187.0,"","",G,"",NZ,1940,RAOUL ISL/KERMADEC,-29.25,-177.917
NZ000093994,19400321,TMAX,247.0,"","",G,"",NZ,1940,RAOUL ISL/KERMADEC,-29.25,-177.917
NZ000093994,19400321,TMIN,168.0,"","",G,"",NZ,1940,RAOUL ISL/KERMADEC,-29.25,-177.917
NZ000093994,19400322,TMAX,256.0,"","",G,"",NZ,1940,RAOUL ISL/KERMADEC,-29.25,-177.917
NZ000093994,19400322,TMIN,172.0,"","",G,"",NZ,1940,RAOUL ISL/KERMADEC,-29.25,-177.917
NZ000093994,19400323,TMAX,252.0,"","",G,"",NZ,1940,RAOUL ISL/KERMADEC,-29.25,-177.917
NZ000093994,19400323,TMIN,183.0,"","",G,"",NZ,1940,RAOUL ISL/KERMADEC,-29.25,-177.917
NZ000093994,19400324,TMAX,252.0,"","",G,"",NZ,1940,RAOUL ISL/KERMADEC,-29.25,-177.917
NZ000093994,19400324,TMIN,199.0,"","",G,"",NZ,1940,RAOUL ISL/KERMADEC,-29.25,-177.917
NZ000093994,19400325,TMAX,239.0,"","",G,"",NZ,1940,RAOUL ISL/KERMADEC,-29.25,-177.917
NZ000093994,19400325,TMIN,216.0,"","",G,"",NZ,1940,RAOUL ISL/KERMADEC,-29.25,-177.917
NZ000093994,19400326,TMAX,252.0,"","",G,"",NZ,1940,RAOUL ISL/KERMADEC,-29.25,-177.917
NZ000093994,19400326,TMIN,213.0,"","",G,"",NZ,1940,RAOUL ISL/KERMADEC,-29.25,-177.917
NZ000093994,19400327,TMAX,243.0,"","",G,"",NZ,1940,RAOUL ISL/KERMADEC,-29.25,-177.917
NZ000093994,19400327,TMIN,186.0,"","",G,"",NZ,1940,RAOUL ISL/KERMADEC,-29.25,-177.917
NZ000093994,19400328,TMAX,244.0,"","",G,"",NZ,1940,RAOUL ISL/KERMADEC,-29.25,-177.917
NZ000093994,19400328,TMIN,162.0,"","",G,"",NZ,1940,RAOUL ISL/KERMADEC,-29.25,-177.917
NZ000093994,19400329,TMAX,243.0,"","",G,"",NZ,1940,RAOUL ISL/KERMADEC,-29.25,-177.917
NZ000093994,19400329,TMIN,171.0,"","",G,"",NZ,1940,RAOUL ISL/KERMADEC,-29.25,-177.917
NZ000093994,19400330,TMAX,244.0,"","",G,"",NZ,1940,RAOUL ISL/KERMADEC,-29.25,-177.917
NZ000093994,19400330,TMIN,178.0,"","",G,"",NZ,1940,RAOUL ISL/KERMADEC,-29.25,-177.917
NZ000093994,19400331,TMAX,233.0,"","",G,"",NZ,1940,RAOUL ISL/KERMADEC,-29.25,-177.917
NZ000093994,19400331,TMIN,191.0,"","",G,"",NZ,1940,RAOUL ISL/KERMADEC,-29.25,-177.917
NZ000093994,19400401,TMAX,242.0,"","",G,"",NZ,1940,RAOUL ISL/KERMADEC,-29.25,-177.917
NZ000093994,19400401,TMIN,194.0,"","",G,"",NZ,1940,RAOUL ISL/KERMADEC,-29.25,-177.917
NZ000093994,19400402,TMAX,236.0,"","",G,"",NZ,1940,RAOUL ISL/KERMADEC,-29.25,-177.917
NZ000093994,19400402,TMIN,175.0,"","",G,"",NZ,1940,RAOUL ISL/KERMADEC,-29.25,-177.917
NZ000093994,19400403,TMAX,211.0,"","",G,"",NZ,1940,RAOUL ISL/KERMADEC,-29.25,-177.917
NZ000093994,19400403,TMIN,175.0,"","",G,"",NZ,1940,RAOUL ISL/KERMADEC,-29.25,-177.917
NZ000093994,19400404,TMAX,211.0,"","",G,"",NZ,1940,RAOUL ISL/KERMADEC,-29.25,-177.917
NZ000093994,19400404,TMIN,161.0,"","",G,"",NZ,1940,RAOUL ISL/KERMADEC,-29.25,-177.917
NZ000093994,19400405,TMAX,221.0,"","",G,"",NZ,1940,RAOUL ISL/KERMADEC,-29.25,-177.917
NZ000093994,19400405,TMIN,178.0,"","",G,"",NZ,1940,RAOUL ISL/KERMADEC,-29.25,-177.917
NZ000093994,19400406,TMAX,222.0,"","",G,"",NZ,1940,RAOUL ISL/KERMADEC,-29.25,-177.917
NZ000093994,19400406,TMIN,172.0,"","",G,"",NZ,1940,RAOUL ISL/KERMADEC,-29.25,-177.917
NZ000093994,19400407,TMAX,232.0,"","",G,"",NZ,1940,RAOUL ISL/KERMADEC,-29.25,-177.917
NZ000093994,19400407,TMIN,165.0,"","",G,"",NZ,1940,RAOUL ISL/KERMADEC,-29.25,-177.917
NZ000093994,19400408,TMAX,231.0,"","",G,"",NZ,1940,RAOUL ISL/KERMADEC,-29.25,-177.917
NZ000093994,19400408,TMIN,150.0,"","",G,"",NZ,1940,RAOUL ISL/KERMADEC,-29.25,-177.917
NZ000093994,19400409,TMAX,231.0,"","",G,"",NZ,1940,RAOUL ISL/KERMADEC,-29.25,-177.917
NZ000093994,19400409,TMIN,156.0,"","",G,"",NZ,1940,RAOUL ISL/KERMADEC,-29.25,-177.917
NZ000093994,19400410,TMAX,236.0,"","",G,"",NZ,1940,RAOUL ISL/KERMADEC,-29.25,-177.917
NZ000093994,19400410,TMIN,167.0,"","",G,"",NZ,1940,RAOUL ISL/KERMADEC,-29.25,-177.917
NZ000093994,19400411,TMAX,233.0,"","",G,"",NZ,1940,RAOUL ISL/KERMADEC,-29.25,-177.917
NZ000093994,19400411,TMIN,161.0,"","",G,"",NZ,1940,RAOUL ISL/KERMADEC,-29.25,-177.917
NZ000093994,19400412,TMAX,238.0,"","",G,"",NZ,1940,RAOUL ISL/KERMADEC,-29.25,-177.917
NZ000093994,19400412,TMIN,161.0,"","",G,"",NZ,1940,RAOUL ISL/KERMADEC,-29.25,-177.917
NZ000093994,19400413,TMAX,225.0,"","",G,"",NZ,1940,RAOUL ISL/KERMADEC,-29.25,-177.917
NZ000093994,19400413,TMIN,142.0,"","",G,"",NZ,1940,RAOUL ISL/KERMADEC,-29.25,-177.917
NZ000093994,19400414,TMAX,211.0,"","",G,"",NZ,1940,RAOUL ISL/KERMADEC,-29.25,-177.917
NZ000093994,19400414,TMIN,178.0,"","",G,"",NZ,1940,RAOUL ISL/KERMADEC,-29.25,-177.917
NZ000093994,19400415,TMAX,219.0,"","",G,"",NZ,1940,RAOUL ISL/KERMADEC,-29.25,-177.917
NZ000093994,19400415,TMIN,176.0,"","",G,"",NZ,1940,RAOUL ISL/KERMADEC,-29.25,-177.917
NZ000093994,19400416,TMAX,222.0,"","",G,"",NZ,1940,RAOUL ISL/KERMADEC,-29.25,-177.917
NZ000093994,19400416,TMIN,147.0,"","",G,"",NZ,1940,RAOUL ISL/KERMADEC,-29.25,-177.917
NZ000093994,19400417,TMAX,233.0,"","",G,"",NZ,1940,RAOUL ISL/KERMADEC,-29.25,-177.917
NZ000093994,19400417,TMIN,202.0,"","",G,"",NZ,1940,RAOUL ISL/KERMADEC,-29.25,-177.917
NZ000093994,19400418,TMAX,224.0,"","",G,"",NZ,1940,RAOUL ISL/KERMADEC,-29.25,-177.917
NZ000093994,19400418,TMIN,187.0,"","",G,"",NZ,1940,RAOUL ISL/KERMADEC,-29.25,-177.917
NZ000093994,19400419,TMAX,228.0,"","",G,"",NZ,1940,RAOUL ISL/KERMADEC,-29.25,-177.917
NZ000093994,19400419,TMIN,181.0,"","",G,"",NZ,1940,RAOUL ISL/KERMADEC,-29.25,-177.917
NZ000093994,19400420,TMAX,227.0,"","",G,"",NZ,1940,RAOUL ISL/KERMADEC,-29.25,-177.917
NZ000093994,19400420,TMIN,150.0,"","",G,"",NZ,1940,RAOUL ISL/KERMADEC,-29.25,-177.917
NZ000093994,19400421,TMAX,210.0,"","",G,"",NZ,1940,RAOUL ISL/KERMADEC,-29.25,-177.917
NZ000093994,19400421,TMIN,139.0,"","",G,"",NZ,1940,RAOUL ISL/KERMADEC,-29.25,-177.917
NZ000093994,19400422,TMAX,223.0,"","",G,"",NZ,1940,RAOUL ISL/KERMADEC,-29.25,-177.917
NZ000093994,19400422,TMIN,139.0,"","",G,"",NZ,1940,RAOUL ISL/KERMADEC,-29.25,-177.917
NZ000093994,19400423,TMAX,210.0,"","",G,"",NZ,1940,RAOUL ISL/KERMADEC,-29.25,-177.917
NZ000093994,19400423,TMIN,150.0,"","",G,"",NZ,1940,RAOUL ISL/KERMADEC,-29.25,-177.917
NZ000093994,19400424,TMAX,196.0,"","",G,"",NZ,1940,RAOUL ISL/KERMADEC,-29.25,-177.917
NZ000093994,19400424,TMIN,150.0,"","",G,"",NZ,1940,RAOUL ISL/KERMADEC,-29.25,-177.917
NZ000093994,19400425,TMAX,184.0,"","",G,"",NZ,1940,RAOUL ISL/KERMADEC,-29.25,-177.917
NZ000093994,19400425,TMIN,131.0,"","",G,"",NZ,1940,RAOUL ISL/KERMADEC,-29.25,-177.917
NZ000093994,19400426,TMAX,206.0,"","",G,"",NZ,1940,RAOUL ISL/KERMADEC,-29.25,-177.917
NZ000093994,19400426,TMIN,168.0,"","",G,"",NZ,1940,RAOUL ISL/KERMADEC,-29.25,-177.917
NZ000093994,19400427,TMAX,217.0,"","",G,"",NZ,1940,RAOUL ISL/KERMADEC,-29.25,-177.917
NZ000093994,19400427,TMIN,162.0,"","",G,"",NZ,1940,RAOUL ISL/KERMADEC,-29.25,-177.917
NZ000093994,19400428,TMAX,221.0,"","",G,"",NZ,1940,RAOUL ISL/KERMADEC,-29.25,-177.917
NZ000093994,19400428,TMIN,172.0,"","",G,"",NZ,1940,RAOUL ISL/KERMADEC,-29.25,-177.917
NZ000093994,19400429,TMAX,210.0,"","",G,"",NZ,1940,RAOUL ISL/KERMADEC,-29.25,-177.917
NZ000093994,19400429,TMIN,133.0,"","",G,"",NZ,1940,RAOUL ISL/KERMADEC,-29.25,-177.917
NZ000093994,19400430,TMAX,200.0,"","",G,"",NZ,1940,RAOUL ISL/KERMADEC,-29.25,-177.917
NZ000093994,19400430,TMIN,131.0,"","",G,"",NZ,1940,RAOUL ISL/KERMADEC,-29.25,-177.917
NZ000093994,19400501,TMAX,201.0,"","",G,"",NZ,1940,RAOUL ISL/KERMADEC,-29.25,-177.917
NZ000093994,19400501,TMIN,136.0,"","",G,"",NZ,1940,RAOUL ISL/KERMADEC,-29.25,-177.917
NZ000093994,19400502,TMAX,208.0,"","",G,"",NZ,1940,RAOUL ISL/KERMADEC,-29.25,-177.917
NZ000093994,19400502,TMIN,178.0,"","",G,"",NZ,1940,RAOUL ISL/KERMADEC,-29.25,-177.917
NZ000093994,19400503,TMAX,218.0,"","",G,"",NZ,1940,RAOUL ISL/KERMADEC,-29.25,-177.917
NZ000093994,19400503,TMIN,189.0,"","",G,"",NZ,1940,RAOUL ISL/KERMADEC,-29.25,-177.917
NZ000093994,19400504,TMAX,219.0,"","",G,"",NZ,1940,RAOUL ISL/KERMADEC,-29.25,-177.917
NZ000093994,19400504,TMIN,187.0,"","",G,"",NZ,1940,RAOUL ISL/KERMADEC,-29.25,-177.917
NZ000093994,19400505,TMAX,226.0,"","",G,"",NZ,1940,RAOUL ISL/KERMADEC,-29.25,-177.917
NZ000093994,19400505,TMIN,167.0,"","",G,"",NZ,1940,RAOUL ISL/KERMADEC,-29.25,-177.917
NZ000093994,19400506,TMAX,218.0,"","",G,"",NZ,1940,RAOUL ISL/KERMADEC,-29.25,-177.917
NZ000093994,19400506,TMIN,150.0,"","",G,"",NZ,1940,RAOUL ISL/KERMADEC,-29.25,-177.917
NZ000093994,19400507,TMAX,211.0,"","",G,"",NZ,1940,RAOUL ISL/KERMADEC,-29.25,-177.917
NZ000093994,19400507,TMIN,154.0,"","",G,"",NZ,1940,RAOUL ISL/KERMADEC,-29.25,-177.917
NZ000093994,19400508,TMAX,217.0,"","",G,"",NZ,1940,RAOUL ISL/KERMADEC,-29.25,-177.917
NZ000093994,19400508,TMIN,161.0,"","",G,"",NZ,1940,RAOUL ISL/KERMADEC,-29.25,-177.917
NZ000093994,19400509,TMAX,219.0,"","",G,"",NZ,1940,RAOUL ISL/KERMADEC,-29.25,-177.917
NZ000093994,19400509,TMIN,171.0,"","",G,"",NZ,1940,RAOUL ISL/KERMADEC,-29.25,-177.917
NZ000093994,19400510,TMAX,216.0,"","",G,"",NZ,1940,RAOUL ISL/KERMADEC,-29.25,-177.917
NZ000093994,19400510,TMIN,172.0,"","",G,"",NZ,1940,RAOUL ISL/KERMADEC,-29.25,-177.917
NZ000093994,19400511,TMAX,200.0,"","",G,"",NZ,1940,RAOUL ISL/KERMADEC,-29.25,-177.917
NZ000093994,19400511,TMIN,156.0,"","",G,"",NZ,1940,RAOUL ISL/KERMADEC,-29.25,-177.917
NZ000093994,19400512,TMAX,199.0,"","",G,"",NZ,1940,RAOUL ISL/KERMADEC,-29.25,-177.917
NZ000093994,19400512,TMIN,153.0,"","",G,"",NZ,1940,RAOUL ISL/KERMADEC,-29.25,-177.917
NZ000093994,19400513,TMAX,202.0,"","",G,"",NZ,1940,RAOUL ISL/KERMADEC,-29.25,-177.917
NZ000093994,19400513,TMIN,144.0,"","",G,"",NZ,1940,RAOUL ISL/KERMADEC,-29.25,-177.917
NZ000093994,19400514,TMAX,206.0,"","",G,"",NZ,1940,RAOUL ISL/KERMADEC,-29.25,-177.917
NZ000093994,19400514,TMIN,133.0,"","",G,"",NZ,1940,RAOUL ISL/KERMADEC,-29.25,-177.917
NZ000093994,19400515,TMAX,197.0,"","",G,"",NZ,1940,RAOUL ISL/KERMADEC,-29.25,-177.917
NZ000093994,19400515,TMIN,136.0,"","",G,"",NZ,1940,RAOUL ISL/KERMADEC,-29.25,-177.917
NZ000093994,19400516,TMAX,202.0,"","",G,"",NZ,1940,RAOUL ISL/KERMADEC,-29.25,-177.917
NZ000093994,19400516,TMIN,131.0,"","",G,"",NZ,1940,RAOUL ISL/KERMADEC,-29.25,-177.917
NZ000093994,19400517,TMAX,182.0,"","",G,"",NZ,1940,RAOUL ISL/KERMADEC,-29.25,-177.917
NZ000093994,19400517,TMIN,144.0,"","",G,"",NZ,1940,RAOUL ISL/KERMADEC,-29.25,-177.917
NZ000093994,19400518,TMAX,204.0,"","",G,"",NZ,1940,RAOUL ISL/KERMADEC,-29.25,-177.917
NZ000093994,19400518,TMIN,163.0,"","",G,"",NZ,1940,RAOUL ISL/KERMADEC,-29.25,-177.917
NZ000093994,19400519,TMAX,213.0,"","",G,"",NZ,1940,RAOUL ISL/KERMADEC,-29.25,-177.917
NZ000093994,19400519,TMIN,173.0,"","",G,"",NZ,1940,RAOUL ISL/KERMADEC,-29.25,-177.917
NZ000093994,19400520,TMAX,205.0,"","",G,"",NZ,1940,RAOUL ISL/KERMADEC,-29.25,-177.917
NZ000093994,19400520,TMIN,147.0,"","",G,"",NZ,1940,RAOUL ISL/KERMADEC,-29.25,-177.917
NZ000093994,19400521,TMAX,200.0,"","",G,"",NZ,1940,RAOUL ISL/KERMADEC,-29.25,-177.917
NZ000093994,19400521,TMIN,154.0,"","",G,"",NZ,1940,RAOUL ISL/KERMADEC,-29.25,-177.917
NZ000093994,19400522,TMAX,201.0,"","",G,"",NZ,1940,RAOUL ISL/KERMADEC,-29.25,-177.917
NZ000093994,19400522,TMIN,167.0,"","",G,"",NZ,1940,RAOUL ISL/KERMADEC,-29.25,-177.917
NZ000093994,19400523,TMAX,193.0,"","",G,"",NZ,1940,RAOUL ISL/KERMADEC,-29.25,-177.917
NZ000093994,19400523,TMIN,156.0,"","",G,"",NZ,1940,RAOUL ISL/KERMADEC,-29.25,-177.917
NZ000093994,19400524,TMAX,196.0,"","",G,"",NZ,1940,RAOUL ISL/KERMADEC,-29.25,-177.917
NZ000093994,19400524,TMIN,153.0,"","",G,"",NZ,1940,RAOUL ISL/KERMADEC,-29.25,-177.917
NZ000093994,19400525,TMAX,194.0,"","",G,"",NZ,1940,RAOUL ISL/KERMADEC,-29.25,-177.917
NZ000093994,19400525,TMIN,144.0,"","",G,"",NZ,1940,RAOUL ISL/KERMADEC,-29.25,-177.917
NZ000093994,19400526,TMAX,197.0,"","",G,"",NZ,1940,RAOUL ISL/KERMADEC,-29.25,-177.917
NZ000093994,19400526,TMIN,142.0,"","",G,"",NZ,1940,RAOUL ISL/KERMADEC,-29.25,-177.917
NZ000093994,19400527,TMAX,196.0,"","",G,"",NZ,1940,RAOUL ISL/KERMADEC,-29.25,-177.917
NZ000093994,19400527,TMIN,156.0,"","",G,"",NZ,1940,RAOUL ISL/KERMADEC,-29.25,-177.917
NZ000093994,19400528,TMAX,192.0,"","",G,"",NZ,1940,RAOUL ISL/KERMADEC,-29.25,-177.917
NZ000093994,19400528,TMIN,139.0,"","",G,"",NZ,1940,RAOUL ISL/KERMADEC,-29.25,-177.917
NZ000093994,19400529,TMAX,186.0,"","",G,"",NZ,1940,RAOUL ISL/KERMADEC,-29.25,-177.917
NZ000093994,19400529,TMIN,120.0,"","",G,"",NZ,1940,RAOUL ISL/KERMADEC,-29.25,-177.917
NZ000093994,19400530,TMAX,178.0,"","",G,"",NZ,1940,RAOUL ISL/KERMADEC,-29.25,-177.917
NZ000093994,19400530,TMIN,119.0,"","",G,"",NZ,1940,RAOUL ISL/KERMADEC,-29.25,-177.917
NZ000093994,19400531,TMAX,176.0,"","",G,"",NZ,1940,RAOUL ISL/KERMADEC,-29.25,-177.917
NZ000093994,19400531,TMIN,104.0,"","",G,"",NZ,1940,RAOUL ISL/KERMADEC,-29.25,-177.917
NZ000093994,19400601,TMAX,184.0,"","",G,"",NZ,1940,RAOUL ISL/KERMADEC,-29.25,-177.917
NZ000093994,19400601,TMIN,121.0,"","",G,"",NZ,1940,RAOUL ISL/KERMADEC,-29.25,-177.917
NZ000093994,19400602,TMAX,191.0,"","",G,"",NZ,1940,RAOUL ISL/KERMADEC,-29.25,-177.917
NZ000093994,19400602,TMIN,113.0,"","",G,"",NZ,1940,RAOUL ISL/KERMADEC,-29.25,-177.917
NZ000093994,19400603,TMAX,194.0,"","",G,"",NZ,1940,RAOUL ISL/KERMADEC,-29.25,-177.917
NZ000093994,19400603,TMIN,126.0,"","",G,"",NZ,1940,RAOUL ISL/KERMADEC,-29.25,-177.917
NZ000093994,19400604,TMAX,200.0,"","",G,"",NZ,1940,RAOUL ISL/KERMADEC,-29.25,-177.917
NZ000093994,19400604,TMIN,150.0,"","",G,"",NZ,1940,RAOUL ISL/KERMADEC,-29.25,-177.917
NZ000093994,19400605,TMAX,187.0,"","",G,"",NZ,1940,RAOUL ISL/KERMADEC,-29.25,-177.917
NZ000093994,19400605,TMIN,136.0,"","",G,"",NZ,1940,RAOUL ISL/KERMADEC,-29.25,-177.917
NZ000093994,19400606,TMAX,178.0,"","",G,"",NZ,1940,RAOUL ISL/KERMADEC,-29.25,-177.917
NZ000093994,19400606,TMIN,117.0,"","",G,"",NZ,1940,RAOUL ISL/KERMADEC,-29.25,-177.917
NZ000093994,19400607,TMAX,188.0,"","",G,"",NZ,1940,RAOUL ISL/KERMADEC,-29.25,-177.917
NZ000093994,19400607,TMIN,117.0,"","",G,"",NZ,1940,RAOUL ISL/KERMADEC,-29.25,-177.917
NZ000093994,19400608,TMAX,191.0,"","",G,"",NZ,1940,RAOUL ISL/KERMADEC,-29.25,-177.917
NZ000093994,19400608,TMIN,122.0,"","",G,"",NZ,1940,RAOUL ISL/KERMADEC,-29.25,-177.917
NZ000093994,19400609,TMAX,189.0,"","",G,"",NZ,1940,RAOUL ISL/KERMADEC,-29.25,-177.917
NZ000093994,19400609,TMIN,172.0,"","",G,"",NZ,1940,RAOUL ISL/KERMADEC,-29.25,-177.917
NZ000093994,19400610,TMAX,198.0,"","",G,"",NZ,1940,RAOUL ISL/KERMADEC,-29.25,-177.917
NZ000093994,19400610,TMIN,144.0,"","",G,"",NZ,1940,RAOUL ISL/KERMADEC,-29.25,-177.917
NZ000093994,19400611,TMAX,183.0,"","",G,"",NZ,1940,RAOUL ISL/KERMADEC,-29.25,-177.917
NZ000093994,19400611,TMIN,126.0,"","",G,"",NZ,1940,RAOUL ISL/KERMADEC,-29.25,-177.917
NZ000093994,19400612,TMAX,189.0,"","",G,"",NZ,1940,RAOUL ISL/KERMADEC,-29.25,-177.917
NZ000093994,19400612,TMIN,141.0,"","",G,"",NZ,1940,RAOUL ISL/KERMADEC,-29.25,-177.917
NZ000093994,19400613,TMAX,187.0,"","",G,"",NZ,1940,RAOUL ISL/KERMADEC,-29.25,-177.917
NZ000093994,19400613,TMIN,122.0,"","",G,"",NZ,1940,RAOUL ISL/KERMADEC,-29.25,-177.917
NZ000093994,19400614,TMAX,179.0,"","",G,"",NZ,1940,RAOUL ISL/KERMADEC,-29.25,-177.917
NZ000093994,19400614,TMIN,113.0,"","",G,"",NZ,1940,RAOUL ISL/KERMADEC,-29.25,-177.917
NZ000093994,19400615,TMAX,173.0,"","",G,"",NZ,1940,RAOUL ISL/KERMADEC,-29.25,-177.917
NZ000093994,19400615,TMIN,111.0,"","",G,"",NZ,1940,RAOUL ISL/KERMADEC,-29.25,-177.917
NZ000093994,19400616,TMAX,188.0,"","",G,"",NZ,1940,RAOUL ISL/KERMADEC,-29.25,-177.917
NZ000093994,19400616,TMIN,134.0,"","",G,"",NZ,1940,RAOUL ISL/KERMADEC,-29.25,-177.917
NZ000093994,19400617,TMAX,182.0,"","",G,"",NZ,1940,RAOUL ISL/KERMADEC,-29.25,-177.917
NZ000093994,19400617,TMIN,147.0,"","",G,"",NZ,1940,RAOUL ISL/KERMADEC,-29.25,-177.917
NZ000093994,19400618,TMAX,181.0,"","",G,"",NZ,1940,RAOUL ISL/KERMADEC,-29.25,-177.917
NZ000093994,19400618,TMIN,137.0,"","",G,"",NZ,1940,RAOUL ISL/KERMADEC,-29.25,-177.917
NZ000093994,19400619,TMAX,182.0,"","",G,"",NZ,1940,RAOUL ISL/KERMADEC,-29.25,-177.917
NZ000093994,19400619,TMIN,144.0,"","",G,"",NZ,1940,RAOUL ISL/KERMADEC,-29.25,-177.917
NZ000093994,19400620,TMAX,182.0,"","",G,"",NZ,1940,RAOUL ISL/KERMADEC,-29.25,-177.917
NZ000093994,19400620,TMIN,126.0,"","",G,"",NZ,1940,RAOUL ISL/KERMADEC,-29.25,-177.917
NZ000093994,19400621,TMAX,178.0,"","",G,"",NZ,1940,RAOUL ISL/KERMADEC,-29.25,-177.917
NZ000093994,19400621,TMIN,137.0,"","",G,"",NZ,1940,RAOUL ISL/KERMADEC,-29.25,-177.917
NZ000093994,19400622,TMAX,175.0,"","",G,"",NZ,1940,RAOUL ISL/KERMADEC,-29.25,-177.917
NZ000093994,19400622,TMIN,132.0,"","",G,"",NZ,1940,RAOUL ISL/KERMADEC,-29.25,-177.917
NZ000093994,19400623,TMAX,186.0,"","",G,"",NZ,1940,RAOUL ISL/KERMADEC,-29.25,-177.917
NZ000093994,19400623,TMIN,147.0,"","",G,"",NZ,1940,RAOUL ISL/KERMADEC,-29.25,-177.917
NZ000093994,19400624,TMAX,199.0,"","",G,"",NZ,1940,RAOUL ISL/KERMADEC,-29.25,-177.917
NZ000093994,19400624,TMIN,141.0,"","",G,"",NZ,1940,RAOUL ISL/KERMADEC,-29.25,-177.917
NZ000093994,19400625,TMAX,181.0,"","",G,"",NZ,1940,RAOUL ISL/KERMADEC,-29.25,-177.917
NZ000093994,19400625,TMIN,123.0,"","",G,"",NZ,1940,RAOUL ISL/KERMADEC,-29.25,-177.917
NZ000093994,19400626,TMAX,166.0,"","",G,"",NZ,1940,RAOUL ISL/KERMADEC,-29.25,-177.917
NZ000093994,19400626,TMIN,128.0,"","",G,"",NZ,1940,RAOUL ISL/KERMADEC,-29.25,-177.917
NZ000093994,19400627,TMAX,173.0,"","",G,"",NZ,1940,RAOUL ISL/KERMADEC,-29.25,-177.917
NZ000093994,19400627,TMIN,119.0,"","",G,"",NZ,1940,RAOUL ISL/KERMADEC,-29.25,-177.917
NZ000093994,19400628,TMAX,167.0,"","",G,"",NZ,1940,RAOUL ISL/KERMADEC,-29.25,-177.917
NZ000093994,19400628,TMIN,107.0,"","",G,"",NZ,1940,RAOUL ISL/KERMADEC,-29.25,-177.917
NZ000093994,19400629,TMAX,172.0,"","",G,"",NZ,1940,RAOUL ISL/KERMADEC,-29.25,-177.917
NZ000093994,19400629,TMIN,106.0,"","",G,"",NZ,1940,RAOUL ISL/KERMADEC,-29.25,-177.917
NZ000093994,19400630,TMAX,176.0,"","",G,"",NZ,1940,RAOUL ISL/KERMADEC,-29.25,-177.917
NZ000093994,19400630,TMIN,108.0,"","",G,"",NZ,1940,RAOUL ISL/KERMADEC,-29.25,-177.917
NZ000093994,19400701,TMAX,171.0,"","",G,"",NZ,1940,RAOUL ISL/KERMADEC,-29.25,-177.917
NZ000093994,19400701,TMIN,120.0,"","",G,"",NZ,1940,RAOUL ISL/KERMADEC,-29.25,-177.917
NZ000093994,19400702,TMAX,167.0,"","",G,"",NZ,1940,RAOUL ISL/KERMADEC,-29.25,-177.917
NZ000093994,19400702,TMIN,119.0,"","",G,"",NZ,1940,RAOUL ISL/KERMADEC,-29.25,-177.917
NZ000093994,19400703,TMAX,169.0,"","",G,"",NZ,1940,RAOUL ISL/KERMADEC,-29.25,-177.917
NZ000093994,19400703,TMIN,116.0,"","",G,"",NZ,1940,RAOUL ISL/KERMADEC,-29.25,-177.917
NZ000093994,19400704,TMAX,181.0,"","",G,"",NZ,1940,RAOUL ISL/KERMADEC,-29.25,-177.917
NZ000093994,19400704,TMIN,129.0,"","",G,"",NZ,1940,RAOUL ISL/KERMADEC,-29.25,-177.917
NZ000093994,19400705,TMAX,178.0,"","",G,"",NZ,1940,RAOUL ISL/KERMADEC,-29.25,-177.917
NZ000093994,19400705,TMIN,120.0,"","",G,"",NZ,1940,RAOUL ISL/KERMADEC,-29.25,-177.917
NZ000093994,19400706,TMAX,170.0,"","",G,"",NZ,1940,RAOUL ISL/KERMADEC,-29.25,-177.917
NZ000093994,19400706,TMIN,128.0,"","",G,"",NZ,1940,RAOUL ISL/KERMADEC,-29.25,-177.917
NZ000093994,19400707,TMAX,168.0,"","",G,"",NZ,1940,RAOUL ISL/KERMADEC,-29.25,-177.917
NZ000093994,19400707,TMIN,122.0,"","",G,"",NZ,1940,RAOUL ISL/KERMADEC,-29.25,-177.917
NZ000093994,19400708,TMAX,163.0,"","",G,"",NZ,1940,RAOUL ISL/KERMADEC,-29.25,-177.917
NZ000093994,19400708,TMIN,106.0,"","",G,"",NZ,1940,RAOUL ISL/KERMADEC,-29.25,-177.917
NZ000093994,19400709,TMAX,162.0,"","",G,"",NZ,1940,RAOUL ISL/KERMADEC,-29.25,-177.917
NZ000093994,19400709,TMIN,99.0,"","",G,"",NZ,1940,RAOUL ISL/KERMADEC,-29.25,-177.917
NZ000093994,19400710,TMAX,161.0,"","",G,"",NZ,1940,RAOUL ISL/KERMADEC,-29.25,-177.917
NZ000093994,19400710,TMIN,98.0,"","",G,"",NZ,1940,RAOUL ISL/KERMADEC,-29.25,-177.917
NZ000093994,19400711,TMAX,172.0,"","",G,"",NZ,1940,RAOUL ISL/KERMADEC,-29.25,-177.917
NZ000093994,19400711,TMIN,111.0,"","",G,"",NZ,1940,RAOUL ISL/KERMADEC,-29.25,-177.917
NZ000093994,19400712,TMAX,172.0,"","",G,"",NZ,1940,RAOUL ISL/KERMADEC,-29.25,-177.917
NZ000093994,19400712,TMIN,134.0,"","",G,"",NZ,1940,RAOUL ISL/KERMADEC,-29.25,-177.917
NZ000093994,19400713,TMAX,178.0,"","",G,"",NZ,1940,RAOUL ISL/KERMADEC,-29.25,-177.917
NZ000093994,19400713,TMIN,118.0,"","",G,"",NZ,1940,RAOUL ISL/KERMADEC,-29.25,-177.917
NZ000093994,19400714,TMAX,178.0,"","",G,"",NZ,1940,RAOUL ISL/KERMADEC,-29.25,-177.917
NZ000093994,19400714,TMIN,124.0,"","",G,"",NZ,1940,RAOUL ISL/KERMADEC,-29.25,-177.917
NZ000093994,19400715,TMAX,179.0,"","",G,"",NZ,1940,RAOUL ISL/KERMADEC,-29.25,-177.917
NZ000093994,19400715,TMIN,109.0,"","",G,"",NZ,1940,RAOUL ISL/KERMADEC,-29.25,-177.917
NZ000093994,19400716,TMAX,177.0,"","",G,"",NZ,1940,RAOUL ISL/KERMADEC,-29.25,-177.917
NZ000093994,19400716,TMIN,121.0,"","",G,"",NZ,1940,RAOUL ISL/KERMADEC,-29.25,-177.917
NZ000093994,19400717,TMAX,176.0,"","",G,"",NZ,1940,RAOUL ISL/KERMADEC,-29.25,-177.917
NZ000093994,19400717,TMIN,148.0,"","",G,"",NZ,1940,RAOUL ISL/KERMADEC,-29.25,-177.917
NZ000093994,19400718,TMAX,190.0,"","",G,"",NZ,1940,RAOUL ISL/KERMADEC,-29.25,-177.917
NZ000093994,19400718,TMIN,128.0,"","",G,"",NZ,1940,RAOUL ISL/KERMADEC,-29.25,-177.917
NZ000093994,19400719,TMAX,161.0,"","",G,"",NZ,1940,RAOUL ISL/KERMADEC,-29.25,-177.917
NZ000093994,19400719,TMIN,122.0,"","",G,"",NZ,1940,RAOUL ISL/KERMADEC,-29.25,-177.917
NZ000093994,19400720,TMAX,171.0,"","",G,"",NZ,1940,RAOUL ISL/KERMADEC,-29.25,-177.917
NZ000093994,19400720,TMIN,128.0,"","",G,"",NZ,1940,RAOUL ISL/KERMADEC,-29.25,-177.917
NZ000093994,19400721,TMAX,181.0,"","",G,"",NZ,1940,RAOUL ISL/KERMADEC,-29.25,-177.917
NZ000093994,19400721,TMIN,133.0,"","",G,"",NZ,1940,RAOUL ISL/KERMADEC,-29.25,-177.917
NZ000093994,19400722,TMAX,173.0,"","",G,"",NZ,1940,RAOUL ISL/KERMADEC,-29.25,-177.917
NZ000093994,19400722,TMIN,127.0,"","",G,"",NZ,1940,RAOUL ISL/KERMADEC,-29.25,-177.917
NZ000093994,19400723,TMAX,176.0,"","",G,"",NZ,1940,RAOUL ISL/KERMADEC,-29.25,-177.917
NZ000093994,19400723,TMIN,147.0,"","",G,"",NZ,1940,RAOUL ISL/KERMADEC,-29.25,-177.917
NZ000093994,19400724,TMAX,179.0,"","",G,"",NZ,1940,RAOUL ISL/KERMADEC,-29.25,-177.917
NZ000093994,19400724,TMIN,131.0,"","",G,"",NZ,1940,RAOUL ISL/KERMADEC,-29.25,-177.917
NZ000093994,19400725,TMAX,201.0,"","",G,"",NZ,1940,RAOUL ISL/KERMADEC,-29.25,-177.917
NZ000093994,19400725,TMIN,156.0,"","",G,"",NZ,1940,RAOUL ISL/KERMADEC,-29.25,-177.917
NZ000093994,19400726,TMAX,194.0,"","",G,"",NZ,1940,RAOUL ISL/KERMADEC,-29.25,-177.917
NZ000093994,19400726,TMIN,163.0,"","",G,"",NZ,1940,RAOUL ISL/KERMADEC,-29.25,-177.917
NZ000093994,19400727,TMAX,197.0,"","",G,"",NZ,1940,RAOUL ISL/KERMADEC,-29.25,-177.917
NZ000093994,19400727,TMIN,146.0,"","",G,"",NZ,1940,RAOUL ISL/KERMADEC,-29.25,-177.917
NZ000093994,19400728,TMAX,174.0,"","",G,"",NZ,1940,RAOUL ISL/KERMADEC,-29.25,-177.917
NZ000093994,19400728,TMIN,140.0,"","",G,"",NZ,1940,RAOUL ISL/KERMADEC,-29.25,-177.917
NZ000093994,19400729,TMAX,161.0,"","",G,"",NZ,1940,RAOUL ISL/KERMADEC,-29.25,-177.917
NZ000093994,19400729,TMIN,129.0,"","",G,"",NZ,1940,RAOUL ISL/KERMADEC,-29.25,-177.917
NZ000093994,19400730,TMAX,183.0,"","",G,"",NZ,1940,RAOUL ISL/KERMADEC,-29.25,-177.917
NZ000093994,19400730,TMIN,139.0,"","",G,"",NZ,1940,RAOUL ISL/KERMADEC,-29.25,-177.917
NZ000093994,19400731,TMAX,177.0,"","",G,"",NZ,1940,RAOUL ISL/KERMADEC,-29.25,-177.917
NZ000093994,19400731,TMIN,141.0,"","",G,"",NZ,1940,RAOUL ISL/KERMADEC,-29.25,-177.917
NZ000093994,19400801,TMAX,179.0,"","",G,"",NZ,1940,RAOUL ISL/KERMADEC,-29.25,-177.917
NZ000093994,19400801,TMIN,137.0,"","",G,"",NZ,1940,RAOUL ISL/KERMADEC,-29.25,-177.917
NZ000093994,19400802,TMAX,169.0,"","",G,"",NZ,1940,RAOUL ISL/KERMADEC,-29.25,-177.917
NZ000093994,19400802,TMIN,132.0,"","",G,"",NZ,1940,RAOUL ISL/KERMADEC,-29.25,-177.917
NZ000093994,19400803,TMAX,166.0,"","",G,"",NZ,1940,RAOUL ISL/KERMADEC,-29.25,-177.917
NZ000093994,19400803,TMIN,129.0,"","",G,"",NZ,1940,RAOUL ISL/KERMADEC,-29.25,-177.917
NZ000093994,19400804,TMAX,166.0,"","",G,"",NZ,1940,RAOUL ISL/KERMADEC,-29.25,-177.917
NZ000093994,19400804,TMIN,125.0,"","",G,"",NZ,1940,RAOUL ISL/KERMADEC,-29.25,-177.917
NZ000093994,19400805,TMAX,169.0,"","",G,"",NZ,1940,RAOUL ISL/KERMADEC,-29.25,-177.917
NZ000093994,19400805,TMIN,113.0,"","",G,"",NZ,1940,RAOUL ISL/KERMADEC,-29.25,-177.917
NZ000093994,19400806,TMAX,174.0,"","",G,"",NZ,1940,RAOUL ISL/KERMADEC,-29.25,-177.917
NZ000093994,19400806,TMIN,134.0,"","",G,"",NZ,1940,RAOUL ISL/KERMADEC,-29.25,-177.917
NZ000093994,19400807,TMAX,176.0,"","",G,"",NZ,1940,RAOUL ISL/KERMADEC,-29.25,-177.917
NZ000093994,19400807,TMIN,139.0,"","",G,"",NZ,1940,RAOUL ISL/KERMADEC,-29.25,-177.917
NZ000093994,19400808,TMAX,176.0,"","",G,"",NZ,1940,RAOUL ISL/KERMADEC,-29.25,-177.917
NZ000093994,19400808,TMIN,144.0,"","",G,"",NZ,1940,RAOUL ISL/KERMADEC,-29.25,-177.917
NZ000093994,19400809,TMAX,177.0,"","",G,"",NZ,1940,RAOUL ISL/KERMADEC,-29.25,-177.917
NZ000093994,19400809,TMIN,144.0,"","",G,"",NZ,1940,RAOUL ISL/KERMADEC,-29.25,-177.917
NZ000093994,19400810,TMAX,168.0,"","",G,"",NZ,1940,RAOUL ISL/KERMADEC,-29.25,-177.917
NZ000093994,19400810,TMIN,140.0,"","",G,"",NZ,1940,RAOUL ISL/KERMADEC,-29.25,-177.917
NZ000093994,19400811,TMAX,174.0,"","",G,"",NZ,1940,RAOUL ISL/KERMADEC,-29.25,-177.917
NZ000093994,19400811,TMIN,143.0,"","",G,"",NZ,1940,RAOUL ISL/KERMADEC,-29.25,-177.917
NZ000093994,19400812,TMAX,194.0,"","",G,"",NZ,1940,RAOUL ISL/KERMADEC,-29.25,-177.917
NZ000093994,19400812,TMIN,135.0,"","",G,"",NZ,1940,RAOUL ISL/KERMADEC,-29.25,-177.917
NZ000093994,19400813,TMAX,189.0,"","",G,"",NZ,1940,RAOUL ISL/KERMADEC,-29.25,-177.917
NZ000093994,19400813,TMIN,144.0,"","",G,"",NZ,1940,RAOUL ISL/KERMADEC,-29.25,-177.917
NZ000093994,19400814,TMAX,178.0,"","",G,"",NZ,1940,RAOUL ISL/KERMADEC,-29.25,-177.917
NZ000093994,19400814,TMIN,145.0,"","",G,"",NZ,1940,RAOUL ISL/KERMADEC,-29.25,-177.917
NZ000093994,19400815,TMAX,189.0,"","",G,"",NZ,1940,RAOUL ISL/KERMADEC,-29.25,-177.917
NZ000093994,19400815,TMIN,126.0,"","",G,"",NZ,1940,RAOUL ISL/KERMADEC,-29.25,-177.917
NZ000093994,19400816,TMAX,172.0,"","",G,"",NZ,1940,RAOUL ISL/KERMADEC,-29.25,-177.917
NZ000093994,19400816,TMIN,121.0,"","",G,"",NZ,1940,RAOUL ISL/KERMADEC,-29.25,-177.917
NZ000093994,19400817,TMAX,178.0,"","",G,"",NZ,1940,RAOUL ISL/KERMADEC,-29.25,-177.917
NZ000093994,19400817,TMIN,116.0,"","",G,"",NZ,1940,RAOUL ISL/KERMADEC,-29.25,-177.917
NZ000093994,19400818,TMAX,179.0,"","",G,"",NZ,1940,RAOUL ISL/KERMADEC,-29.25,-177.917
NZ000093994,19400818,TMIN,116.0,"","",G,"",NZ,1940,RAOUL ISL/KERMADEC,-29.25,-177.917
NZ000093994,19400819,TMAX,174.0,"","",G,"",NZ,1940,RAOUL ISL/KERMADEC,-29.25,-177.917
NZ000093994,19400819,TMIN,116.0,"","",G,"",NZ,1940,RAOUL ISL/KERMADEC,-29.25,-177.917
NZ000093994,19400820,TMAX,156.0,"","",G,"",NZ,1940,RAOUL ISL/KERMADEC,-29.25,-177.917
NZ000093994,19400820,TMIN,106.0,"","",G,"",NZ,1940,RAOUL ISL/KERMADEC,-29.25,-177.917
NZ000093994,19400821,TMAX,167.0,"","",G,"",NZ,1940,RAOUL ISL/KERMADEC,-29.25,-177.917
NZ000093994,19400821,TMIN,102.0,"","",G,"",NZ,1940,RAOUL ISL/KERMADEC,-29.25,-177.917
NZ000093994,19400822,TMAX,172.0,"","",G,"",NZ,1940,RAOUL ISL/KERMADEC,-29.25,-177.917
NZ000093994,19400822,TMIN,98.0,"","",G,"",NZ,1940,RAOUL ISL/KERMADEC,-29.25,-177.917
NZ000093994,19400823,TMAX,172.0,"","",G,"",NZ,1940,RAOUL ISL/KERMADEC,-29.25,-177.917
NZ000093994,19400823,TMIN,105.0,"","",G,"",NZ,1940,RAOUL ISL/KERMADEC,-29.25,-177.917
NZ000093994,19400824,TMAX,180.0,"","",G,"",NZ,1940,RAOUL ISL/KERMADEC,-29.25,-177.917
NZ000093994,19400824,TMIN,109.0,"","",G,"",NZ,1940,RAOUL ISL/KERMADEC,-29.25,-177.917
NZ000093994,19400825,TMAX,184.0,"","",G,"",NZ,1940,RAOUL ISL/KERMADEC,-29.25,-177.917
NZ000093994,19400825,TMIN,132.0,"","",G,"",NZ,1940,RAOUL ISL/KERMADEC,-29.25,-177.917
NZ000093994,19400826,TMAX,172.0,"","",G,"",NZ,1940,RAOUL ISL/KERMADEC,-29.25,-177.917
NZ000093994,19400826,TMIN,151.0,"","",G,"",NZ,1940,RAOUL ISL/KERMADEC,-29.25,-177.917
NZ000093994,19400827,TMAX,184.0,"","",G,"",NZ,1940,RAOUL ISL/KERMADEC,-29.25,-177.917
NZ000093994,19400827,TMIN,156.0,"","",G,"",NZ,1940,RAOUL ISL/KERMADEC,-29.25,-177.917
NZ000093994,19400828,TMAX,186.0,"","",G,"",NZ,1940,RAOUL ISL/KERMADEC,-29.25,-177.917
NZ000093994,19400828,TMIN,142.0,"","",G,"",NZ,1940,RAOUL ISL/KERMADEC,-29.25,-177.917
NZ000093994,19400829,TMAX,191.0,"","",G,"",NZ,1940,RAOUL ISL/KERMADEC,-29.25,-177.917
NZ000093994,19400829,TMIN,148.0,"","",G,"",NZ,1940,RAOUL ISL/KERMADEC,-29.25,-177.917
NZ000093994,19400830,TMAX,204.0,"","",G,"",NZ,1940,RAOUL ISL/KERMADEC,-29.25,-177.917
NZ000093994,19400830,TMIN,167.0,"","",G,"",NZ,1940,RAOUL ISL/KERMADEC,-29.25,-177.917
NZ000093994,19400831,TMAX,180.0,"","",G,"",NZ,1940,RAOUL ISL/KERMADEC,-29.25,-177.917
NZ000093994,19400831,TMIN,163.0,"","",G,"",NZ,1940,RAOUL ISL/KERMADEC,-29.25,-177.917
NZ000093994,19400901,TMAX,202.0,"","",G,"",NZ,1940,RAOUL ISL/KERMADEC,-29.25,-177.917
NZ000093994,19400901,TMIN,168.0,"","",G,"",NZ,1940,RAOUL ISL/KERMADEC,-29.25,-177.917
NZ000093994,19400902,TMAX,185.0,"","",G,"",NZ,1940,RAOUL ISL/KERMADEC,-29.25,-177.917
NZ000093994,19400902,TMIN,139.0,"","",G,"",NZ,1940,RAOUL ISL/KERMADEC,-29.25,-177.917
NZ000093994,19400903,TMAX,196.0,"","",G,"",NZ,1940,RAOUL ISL/KERMADEC,-29.25,-177.917
NZ000093994,19400903,TMIN,130.0,"","",G,"",NZ,1940,RAOUL ISL/KERMADEC,-29.25,-177.917
NZ000093994,19400904,TMAX,183.0,"","",G,"",NZ,1940,RAOUL ISL/KERMADEC,-29.25,-177.917
NZ000093994,19400904,TMIN,106.0,"","",G,"",NZ,1940,RAOUL ISL/KERMADEC,-29.25,-177.917
NZ000093994,19400905,TMAX,181.0,"","",G,"",NZ,1940,RAOUL ISL/KERMADEC,-29.25,-177.917
NZ000093994,19400905,TMIN,129.0,"","",G,"",NZ,1940,RAOUL ISL/KERMADEC,-29.25,-177.917
NZ000093994,19400906,TMAX,189.0,"","",G,"",NZ,1940,RAOUL ISL/KERMADEC,-29.25,-177.917
NZ000093994,19400906,TMIN,133.0,"","",G,"",NZ,1940,RAOUL ISL/KERMADEC,-29.25,-177.917
NZ000093994,19400907,TMAX,199.0,"","",G,"",NZ,1940,RAOUL ISL/KERMADEC,-29.25,-177.917
NZ000093994,19400907,TMIN,136.0,"","",G,"",NZ,1940,RAOUL ISL/KERMADEC,-29.25,-177.917
NZ000093994,19400908,TMAX,172.0,"","",G,"",NZ,1940,RAOUL ISL/KERMADEC,-29.25,-177.917
NZ000093994,19400908,TMIN,139.0,"","",G,"",NZ,1940,RAOUL ISL/KERMADEC,-29.25,-177.917
NZ000093994,19400909,TMAX,185.0,"","",G,"",NZ,1940,RAOUL ISL/KERMADEC,-29.25,-177.917
NZ000093994,19400909,TMIN,122.0,"","",G,"",NZ,1940,RAOUL ISL/KERMADEC,-29.25,-177.917
NZ000093994,19400910,TMAX,183.0,"","",G,"",NZ,1940,RAOUL ISL/KERMADEC,-29.25,-177.917
NZ000093994,19400910,TMIN,123.0,"","",G,"",NZ,1940,RAOUL ISL/KERMADEC,-29.25,-177.917
NZ000093994,19400911,TMAX,193.0,"","",G,"",NZ,1940,RAOUL ISL/KERMADEC,-29.25,-177.917
NZ000093994,19400911,TMIN,121.0,"","",G,"",NZ,1940,RAOUL ISL/KERMADEC,-29.25,-177.917
NZ000093994,19400912,TMAX,179.0,"","",G,"",NZ,1940,RAOUL ISL/KERMADEC,-29.25,-177.917
NZ000093994,19400912,TMIN,119.0,"","",G,"",NZ,1940,RAOUL ISL/KERMADEC,-29.25,-177.917
NZ000093994,19400913,TMAX,172.0,"","",G,"",NZ,1940,RAOUL ISL/KERMADEC,-29.25,-177.917
NZ000093994,19400913,TMIN,107.0,"","",G,"",NZ,1940,RAOUL ISL/KERMADEC,-29.25,-177.917
NZ000093994,19400914,TMAX,172.0,"","",G,"",NZ,1940,RAOUL ISL/KERMADEC,-29.25,-177.917
NZ000093994,19400914,TMIN,96.0,"","",G,"",NZ,1940,RAOUL ISL/KERMADEC,-29.25,-177.917
NZ000093994,19400915,TMAX,176.0,"","",G,"",NZ,1940,RAOUL ISL/KERMADEC,-29.25,-177.917
NZ000093994,19400915,TMIN,122.0,"","",G,"",NZ,1940,RAOUL ISL/KERMADEC,-29.25,-177.917
NZ000093994,19400916,TMAX,196.0,"","",G,"",NZ,1940,RAOUL ISL/KERMADEC,-29.25,-177.917
NZ000093994,19400916,TMIN,141.0,"","",G,"",NZ,1940,RAOUL ISL/KERMADEC,-29.25,-177.917
NZ000093994,19400917,TMAX,193.0,"","",G,"",NZ,1940,RAOUL ISL/KERMADEC,-29.25,-177.917
NZ000093994,19400917,TMIN,122.0,"","",G,"",NZ,1940,RAOUL ISL/KERMADEC,-29.25,-177.917
NZ000093994,19400918,TMAX,181.0,"","",G,"",NZ,1940,RAOUL ISL/KERMADEC,-29.25,-177.917
NZ000093994,19400918,TMIN,121.0,"","",G,"",NZ,1940,RAOUL ISL/KERMADEC,-29.25,-177.917
NZ000093994,19400919,TMAX,190.0,"","",G,"",NZ,1940,RAOUL ISL/KERMADEC,-29.25,-177.917
NZ000093994,19400919,TMIN,122.0,"","",G,"",NZ,1940,RAOUL ISL/KERMADEC,-29.25,-177.917
NZ000093994,19400920,TMAX,177.0,"","",G,"",NZ,1940,RAOUL ISL/KERMADEC,-29.25,-177.917
NZ000093994,19400920,TMIN,100.0,"","",G,"",NZ,1940,RAOUL ISL/KERMADEC,-29.25,-177.917
NZ000093994,19400921,TMAX,191.0,"","",G,"",NZ,1940,RAOUL ISL/KERMADEC,-29.25,-177.917
NZ000093994,19400921,TMIN,134.0,"","",G,"",NZ,1940,RAOUL ISL/KERMADEC,-29.25,-177.917
NZ000093994,19400922,TMAX,197.0,"","",G,"",NZ,1940,RAOUL ISL/KERMADEC,-29.25,-177.917
NZ000093994,19400922,TMIN,133.0,"","",G,"",NZ,1940,RAOUL ISL/KERMADEC,-29.25,-177.917
NZ000093994,19400923,TMAX,174.0,"","",G,"",NZ,1940,RAOUL ISL/KERMADEC,-29.25,-177.917
NZ000093994,19400923,TMIN,135.0,"","",G,"",NZ,1940,RAOUL ISL/KERMADEC,-29.25,-177.917
NZ000093994,19400924,TMAX,183.0,"","",G,"",NZ,1940,RAOUL ISL/KERMADEC,-29.25,-177.917
NZ000093994,19400924,TMIN,137.0,"","",G,"",NZ,1940,RAOUL ISL/KERMADEC,-29.25,-177.917
NZ000093994,19400925,TMAX,195.0,"","",G,"",NZ,1940,RAOUL ISL/KERMADEC,-29.25,-177.917
NZ000093994,19400925,TMIN,134.0,"","",G,"",NZ,1940,RAOUL ISL/KERMADEC,-29.25,-177.917
NZ000093994,19400926,TMAX,193.0,"","",G,"",NZ,1940,RAOUL ISL/KERMADEC,-29.25,-177.917
NZ000093994,19400926,TMIN,144.0,"","",G,"",NZ,1940,RAOUL ISL/KERMADEC,-29.25,-177.917
NZ000093994,19400927,TMAX,190.0,"","",G,"",NZ,1940,RAOUL ISL/KERMADEC,-29.25,-177.917
NZ000093994,19400927,TMIN,139.0,"","",G,"",NZ,1940,RAOUL ISL/KERMADEC,-29.25,-177.917
NZ000093994,19400928,TMAX,202.0,"","",G,"",NZ,1940,RAOUL ISL/KERMADEC,-29.25,-177.917
NZ000093994,19400928,TMIN,127.0,"","",G,"",NZ,1940,RAOUL ISL/KERMADEC,-29.25,-177.917
NZ000093994,19400929,TMAX,198.0,"","",G,"",NZ,1940,RAOUL ISL/KERMADEC,-29.25,-177.917
NZ000093994,19400929,TMIN,136.0,"","",G,"",NZ,1940,RAOUL ISL/KERMADEC,-29.25,-177.917
NZ000093994,19400930,TMAX,202.0,"","",G,"",NZ,1940,RAOUL ISL/KERMADEC,-29.25,-177.917
NZ000093994,19400930,TMIN,169.0,"","",G,"",NZ,1940,RAOUL ISL/KERMADEC,-29.25,-177.917
NZ000093994,19401001,TMAX,218.0,"","",G,"",NZ,1940,RAOUL ISL/KERMADEC,-29.25,-177.917
NZ000093994,19401001,TMIN,182.0,"","",G,"",NZ,1940,RAOUL ISL/KERMADEC,-29.25,-177.917
NZ000093994,19401002,TMAX,211.0,"","",G,"",NZ,1940,RAOUL ISL/KERMADEC,-29.25,-177.917
NZ000093994,19401002,TMIN,161.0,"","",G,"",NZ,1940,RAOUL ISL/KERMADEC,-29.25,-177.917
NZ000093994,19401003,TMAX,194.0,"","",G,"",NZ,1940,RAOUL ISL/KERMADEC,-29.25,-177.917
NZ000093994,19401003,TMIN,152.0,"","",G,"",NZ,1940,RAOUL ISL/KERMADEC,-29.25,-177.917
NZ000093994,19401004,TMAX,197.0,"","",G,"",NZ,1940,RAOUL ISL/KERMADEC,-29.25,-177.917
NZ000093994,19401004,TMIN,167.0,"","",G,"",NZ,1940,RAOUL ISL/KERMADEC,-29.25,-177.917
NZ000093994,19401005,TMAX,182.0,"","",G,"",NZ,1940,RAOUL ISL/KERMADEC,-29.25,-177.917
NZ000093994,19401005,TMIN,138.0,"","",G,"",NZ,1940,RAOUL ISL/KERMADEC,-29.25,-177.917
NZ000093994,19401006,TMAX,178.0,"","",G,"",NZ,1940,RAOUL ISL/KERMADEC,-29.25,-177.917
NZ000093994,19401006,TMIN,118.0,"","",G,"",NZ,1940,RAOUL ISL/KERMADEC,-29.25,-177.917
NZ000093994,19401007,TMAX,187.0,"","",G,"",NZ,1940,RAOUL ISL/KERMADEC,-29.25,-177.917
NZ000093994,19401007,TMIN,107.0,"","",G,"",NZ,1940,RAOUL ISL/KERMADEC,-29.25,-177.917
NZ000093994,19401008,TMAX,182.0,"","",G,"",NZ,1940,RAOUL ISL/KERMADEC,-29.25,-177.917
NZ000093994,19401008,TMIN,118.0,"","",G,"",NZ,1940,RAOUL ISL/KERMADEC,-29.25,-177.917
NZ000093994,19401009,TMAX,189.0,"","",G,"",NZ,1940,RAOUL ISL/KERMADEC,-29.25,-177.917
NZ000093994,19401009,TMIN,133.0,"","",G,"",NZ,1940,RAOUL ISL/KERMADEC,-29.25,-177.917
NZ000093994,19401010,TMAX,185.0,"","",G,"",NZ,1940,RAOUL ISL/KERMADEC,-29.25,-177.917
NZ000093994,19401010,TMIN,139.0,"","",G,"",NZ,1940,RAOUL ISL/KERMADEC,-29.25,-177.917
NZ000093994,19401011,TMAX,196.0,"","",G,"",NZ,1940,RAOUL ISL/KERMADEC,-29.25,-177.917
NZ000093994,19401011,TMIN,129.0,"","",G,"",NZ,1940,RAOUL ISL/KERMADEC,-29.25,-177.917
NZ000093994,19401012,TMAX,182.0,"","",G,"",NZ,1940,RAOUL ISL/KERMADEC,-29.25,-177.917
NZ000093994,19401012,TMIN,133.0,"","",G,"",NZ,1940,RAOUL ISL/KERMADEC,-29.25,-177.917
NZ000093994,19401013,TMAX,179.0,"","",G,"",NZ,1940,RAOUL ISL/KERMADEC,-29.25,-177.917
NZ000093994,19401013,TMIN,124.0,"","",G,"",NZ,1940,RAOUL ISL/KERMADEC,-29.25,-177.917
NZ000093994,19401014,TMAX,197.0,"","",G,"",NZ,1940,RAOUL ISL/KERMADEC,-29.25,-177.917
NZ000093994,19401014,TMIN,155.0,"","",G,"",NZ,1940,RAOUL ISL/KERMADEC,-29.25,-177.917
NZ000093994,19401015,TMAX,197.0,"","",G,"",NZ,1940,RAOUL ISL/KERMADEC,-29.25,-177.917
NZ000093994,19401015,TMIN,126.0,"","",G,"",NZ,1940,RAOUL ISL/KERMADEC,-29.25,-177.917
NZ000093994,19401016,TMAX,197.0,"","",G,"",NZ,1940,RAOUL ISL/KERMADEC,-29.25,-177.917
NZ000093994,19401016,TMIN,124.0,"","",G,"",NZ,1940,RAOUL ISL/KERMADEC,-29.25,-177.917
NZ000093994,19401017,TMAX,204.0,"","",G,"",NZ,1940,RAOUL ISL/KERMADEC,-29.25,-177.917
NZ000093994,19401017,TMIN,156.0,"","",G,"",NZ,1940,RAOUL ISL/KERMADEC,-29.25,-177.917
NZ000093994,19401018,TMAX,202.0,"","",G,"",NZ,1940,RAOUL ISL/KERMADEC,-29.25,-177.917
NZ000093994,19401018,TMIN,159.0,"","",G,"",NZ,1940,RAOUL ISL/KERMADEC,-29.25,-177.917
NZ000093994,19401019,TMAX,203.0,"","",G,"",NZ,1940,RAOUL ISL/KERMADEC,-29.25,-177.917
NZ000093994,19401019,TMIN,158.0,"","",G,"",NZ,1940,RAOUL ISL/KERMADEC,-29.25,-177.917
NZ000093994,19401020,TMAX,220.0,"","",G,"",NZ,1940,RAOUL ISL/KERMADEC,-29.25,-177.917
NZ000093994,19401020,TMIN,137.0,"","",G,"",NZ,1940,RAOUL ISL/KERMADEC,-29.25,-177.917
NZ000093994,19401021,TMAX,179.0,"","",G,"",NZ,1940,RAOUL ISL/KERMADEC,-29.25,-177.917
NZ000093994,19401021,TMIN,152.0,"","",G,"",NZ,1940,RAOUL ISL/KERMADEC,-29.25,-177.917
NZ000093994,19401022,TMAX,190.0,"","",G,"",NZ,1940,RAOUL ISL/KERMADEC,-29.25,-177.917
NZ000093994,19401022,TMIN,148.0,"","",G,"",NZ,1940,RAOUL ISL/KERMADEC,-29.25,-177.917
NZ000093994,19401023,TMAX,196.0,"","",G,"",NZ,1940,RAOUL ISL/KERMADEC,-29.25,-177.917
NZ000093994,19401023,TMIN,150.0,"","",G,"",NZ,1940,RAOUL ISL/KERMADEC,-29.25,-177.917
NZ000093994,19401024,TMAX,210.0,"","",G,"",NZ,1940,RAOUL ISL/KERMADEC,-29.25,-177.917
NZ000093994,19401024,TMIN,149.0,"","",G,"",NZ,1940,RAOUL ISL/KERMADEC,-29.25,-177.917
NZ000093994,19401025,TMAX,223.0,"","",G,"",NZ,1940,RAOUL ISL/KERMADEC,-29.25,-177.917
NZ000093994,19401025,TMIN,147.0,"","",G,"",NZ,1940,RAOUL ISL/KERMADEC,-29.25,-177.917
NZ000093994,19401026,TMAX,217.0,"","",G,"",NZ,1940,RAOUL ISL/KERMADEC,-29.25,-177.917
NZ000093994,19401026,TMIN,137.0,"","",G,"",NZ,1940,RAOUL ISL/KERMADEC,-29.25,-177.917
NZ000093994,19401027,TMAX,213.0,"","",G,"",NZ,1940,RAOUL ISL/KERMADEC,-29.25,-177.917
NZ000093994,19401027,TMIN,172.0,"","",G,"",NZ,1940,RAOUL ISL/KERMADEC,-29.25,-177.917
NZ000093994,19401028,TMAX,223.0,"","",G,"",NZ,1940,RAOUL ISL/KERMADEC,-29.25,-177.917
NZ000093994,19401028,TMIN,186.0,"","",G,"",NZ,1940,RAOUL ISL/KERMADEC,-29.25,-177.917
NZ000093994,19401029,TMAX,229.0,"","",G,"",NZ,1940,RAOUL ISL/KERMADEC,-29.25,-177.917
NZ000093994,19401029,TMIN,165.0,"","",G,"",NZ,1940,RAOUL ISL/KERMADEC,-29.25,-177.917
NZ000093994,19401030,TMAX,192.0,"","",G,"",NZ,1940,RAOUL ISL/KERMADEC,-29.25,-177.917
NZ000093994,19401030,TMIN,132.0,"","",G,"",NZ,1940,RAOUL ISL/KERMADEC,-29.25,-177.917
NZ000093994,19401031,TMAX,194.0,"","",G,"",NZ,1940,RAOUL ISL/KERMADEC,-29.25,-177.917
NZ000093994,19401031,TMIN,122.0,"","",G,"",NZ,1940,RAOUL ISL/KERMADEC,-29.25,-177.917
NZ000093994,19401101,TMAX,188.0,"","",G,"",NZ,1940,RAOUL ISL/KERMADEC,-29.25,-177.917
NZ000093994,19401101,TMIN,126.0,"","",G,"",NZ,1940,RAOUL ISL/KERMADEC,-29.25,-177.917
NZ000093994,19401102,TMAX,192.0,"","",G,"",NZ,1940,RAOUL ISL/KERMADEC,-29.25,-177.917
NZ000093994,19401102,TMIN,123.0,"","",G,"",NZ,1940,RAOUL ISL/KERMADEC,-29.25,-177.917
NZ000093994,19401103,TMAX,204.0,"","",G,"",NZ,1940,RAOUL ISL/KERMADEC,-29.25,-177.917
NZ000093994,19401103,TMIN,152.0,"","",G,"",NZ,1940,RAOUL ISL/KERMADEC,-29.25,-177.917
NZ000093994,19401104,TMAX,197.0,"","",G,"",NZ,1940,RAOUL ISL/KERMADEC,-29.25,-177.917
NZ000093994,19401104,TMIN,146.0,"","",G,"",NZ,1940,RAOUL ISL/KERMADEC,-29.25,-177.917
NZ000093994,19401105,TMAX,198.0,"","",G,"",NZ,1940,RAOUL ISL/KERMADEC,-29.25,-177.917
NZ000093994,19401105,TMIN,150.0,"","",G,"",NZ,1940,RAOUL ISL/KERMADEC,-29.25,-177.917
NZ000093994,19401106,TMAX,216.0,"","",G,"",NZ,1940,RAOUL ISL/KERMADEC,-29.25,-177.917
NZ000093994,19401106,TMIN,168.0,"","",G,"",NZ,1940,RAOUL ISL/KERMADEC,-29.25,-177.917
NZ000093994,19401107,TMAX,223.0,"","",G,"",NZ,1940,RAOUL ISL/KERMADEC,-29.25,-177.917
NZ000093994,19401107,TMIN,149.0,"","",G,"",NZ,1940,RAOUL ISL/KERMADEC,-29.25,-177.917
NZ000093994,19401108,TMAX,216.0,"","",G,"",NZ,1940,RAOUL ISL/KERMADEC,-29.25,-177.917
NZ000093994,19401108,TMIN,135.0,"","",G,"",NZ,1940,RAOUL ISL/KERMADEC,-29.25,-177.917
NZ000093994,19401109,TMAX,191.0,"","",G,"",NZ,1940,RAOUL ISL/KERMADEC,-29.25,-177.917
NZ000093994,19401109,TMIN,158.0,"","",G,"",NZ,1940,RAOUL ISL/KERMADEC,-29.25,-177.917
NZ000093994,19401110,TMAX,201.0,"","",G,"",NZ,1940,RAOUL ISL/KERMADEC,-29.25,-177.917
NZ000093994,19401110,TMIN,144.0,"","",G,"",NZ,1940,RAOUL ISL/KERMADEC,-29.25,-177.917
NZ000093994,19401111,TMAX,211.0,"","",G,"",NZ,1940,RAOUL ISL/KERMADEC,-29.25,-177.917
NZ000093994,19401111,TMIN,162.0,"","",G,"",NZ,1940,RAOUL ISL/KERMADEC,-29.25,-177.917
NZ000093994,19401112,TMAX,206.0,"","",G,"",NZ,1940,RAOUL ISL/KERMADEC,-29.25,-177.917
NZ000093994,19401112,TMIN,144.0,"","",G,"",NZ,1940,RAOUL ISL/KERMADEC,-29.25,-177.917
NZ000093994,19401113,TMAX,202.0,"","",G,"",NZ,1940,RAOUL ISL/KERMADEC,-29.25,-177.917
NZ000093994,19401113,TMIN,150.0,"","",G,"",NZ,1940,RAOUL ISL/KERMADEC,-29.25,-177.917
NZ000093994,19401114,TMAX,196.0,"","",G,"",NZ,1940,RAOUL ISL/KERMADEC,-29.25,-177.917
NZ000093994,19401114,TMIN,147.0,"","",G,"",NZ,1940,RAOUL ISL/KERMADEC,-29.25,-177.917
NZ000093994,19401115,TMAX,210.0,"","",G,"",NZ,1940,RAOUL ISL/KERMADEC,-29.25,-177.917
NZ000093994,19401115,TMIN,138.0,"","",G,"",NZ,1940,RAOUL ISL/KERMADEC,-29.25,-177.917
NZ000093994,19401116,TMAX,214.0,"","",G,"",NZ,1940,RAOUL ISL/KERMADEC,-29.25,-177.917
NZ000093994,19401116,TMIN,148.0,"","",G,"",NZ,1940,RAOUL ISL/KERMADEC,-29.25,-177.917
NZ000093994,19401117,TMAX,227.0,"","",G,"",NZ,1940,RAOUL ISL/KERMADEC,-29.25,-177.917
NZ000093994,19401117,TMIN,183.0,"","",G,"",NZ,1940,RAOUL ISL/KERMADEC,-29.25,-177.917
NZ000093994,19401118,TMAX,211.0,"","",G,"",NZ,1940,RAOUL ISL/KERMADEC,-29.25,-177.917
NZ000093994,19401118,TMIN,174.0,"","",G,"",NZ,1940,RAOUL ISL/KERMADEC,-29.25,-177.917
NZ000093994,19401119,TMAX,212.0,"","",G,"",NZ,1940,RAOUL ISL/KERMADEC,-29.25,-177.917
NZ000093994,19401119,TMIN,163.0,"","",G,"",NZ,1940,RAOUL ISL/KERMADEC,-29.25,-177.917
NZ000093994,19401120,TMAX,210.0,"","",G,"",NZ,1940,RAOUL ISL/KERMADEC,-29.25,-177.917
NZ000093994,19401120,TMIN,169.0,"","",G,"",NZ,1940,RAOUL ISL/KERMADEC,-29.25,-177.917
NZ000093994,19401121,TMAX,216.0,"","",G,"",NZ,1940,RAOUL ISL/KERMADEC,-29.25,-177.917
NZ000093994,19401121,TMIN,156.0,"","",G,"",NZ,1940,RAOUL ISL/KERMADEC,-29.25,-177.917
NZ000093994,19401122,TMAX,201.0,"","",G,"",NZ,1940,RAOUL ISL/KERMADEC,-29.25,-177.917
NZ000093994,19401122,TMIN,132.0,"","",G,"",NZ,1940,RAOUL ISL/KERMADEC,-29.25,-177.917
NZ000093994,19401123,TMAX,209.0,"","",G,"",NZ,1940,RAOUL ISL/KERMADEC,-29.25,-177.917
NZ000093994,19401123,TMIN,150.0,"","",G,"",NZ,1940,RAOUL ISL/KERMADEC,-29.25,-177.917
NZ000093994,19401124,TMAX,216.0,"","",G,"",NZ,1940,RAOUL ISL/KERMADEC,-29.25,-177.917
NZ000093994,19401124,TMIN,145.0,"","",G,"",NZ,1940,RAOUL ISL/KERMADEC,-29.25,-177.917
NZ000093994,19401125,TMAX,203.0,"","",G,"",NZ,1940,RAOUL ISL/KERMADEC,-29.25,-177.917
NZ000093994,19401125,TMIN,134.0,"","",G,"",NZ,1940,RAOUL ISL/KERMADEC,-29.25,-177.917
NZ000093994,19401126,TMAX,199.0,"","",G,"",NZ,1940,RAOUL ISL/KERMADEC,-29.25,-177.917
NZ000093994,19401126,TMIN,144.0,"","",G,"",NZ,1940,RAOUL ISL/KERMADEC,-29.25,-177.917
NZ000093994,19401127,TMAX,199.0,"","",G,"",NZ,1940,RAOUL ISL/KERMADEC,-29.25,-177.917
NZ000093994,19401127,TMIN,144.0,"","",G,"",NZ,1940,RAOUL ISL/KERMADEC,-29.25,-177.917
NZ000093994,19401128,TMAX,197.0,"","",G,"",NZ,1940,RAOUL ISL/KERMADEC,-29.25,-177.917
NZ000093994,19401128,TMIN,164.0,"","",G,"",NZ,1940,RAOUL ISL/KERMADEC,-29.25,-177.917
NZ000093994,19401129,TMAX,194.0,"","",G,"",NZ,1940,RAOUL ISL/KERMADEC,-29.25,-177.917
NZ000093994,19401129,TMIN,147.0,"","",G,"",NZ,1940,RAOUL ISL/KERMADEC,-29.25,-177.917
NZ000093994,19401130,TMAX,201.0,"","",G,"",NZ,1940,RAOUL ISL/KERMADEC,-29.25,-177.917
NZ000093994,19401130,TMIN,163.0,"","",G,"",NZ,1940,RAOUL ISL/KERMADEC,-29.25,-177.917
NZ000093994,19401201,TMAX,206.0,"","",G,"",NZ,1940,RAOUL ISL/KERMADEC,-29.25,-177.917
NZ000093994,19401201,TMIN,166.0,"","",G,"",NZ,1940,RAOUL ISL/KERMADEC,-29.25,-177.917
NZ000093994,19401202,TMAX,210.0,"","",G,"",NZ,1940,RAOUL ISL/KERMADEC,-29.25,-177.917
NZ000093994,19401202,TMIN,172.0,"","",G,"",NZ,1940,RAOUL ISL/KERMADEC,-29.25,-177.917
NZ000093994,19401203,TMAX,217.0,"","",G,"",NZ,1940,RAOUL ISL/KERMADEC,-29.25,-177.917
NZ000093994,19401203,TMIN,172.0,"","",G,"",NZ,1940,RAOUL ISL/KERMADEC,-29.25,-177.917
NZ000093994,19401204,TMAX,207.0,"","",G,"",NZ,1940,RAOUL ISL/KERMADEC,-29.25,-177.917
NZ000093994,19401204,TMIN,173.0,"","",G,"",NZ,1940,RAOUL ISL/KERMADEC,-29.25,-177.917
NZ000093994,19401205,TMAX,209.0,"","",G,"",NZ,1940,RAOUL ISL/KERMADEC,-29.25,-177.917
NZ000093994,19401205,TMIN,172.0,"","",G,"",NZ,1940,RAOUL ISL/KERMADEC,-29.25,-177.917
NZ000093994,19401206,TMAX,212.0,"","",G,"",NZ,1940,RAOUL ISL/KERMADEC,-29.25,-177.917
NZ000093994,19401206,TMIN,168.0,"","",G,"",NZ,1940,RAOUL ISL/KERMADEC,-29.25,-177.917
NZ000093994,19401207,TMAX,212.0,"","",G,"",NZ,1940,RAOUL ISL/KERMADEC,-29.25,-177.917
NZ000093994,19401207,TMIN,171.0,"","",G,"",NZ,1940,RAOUL ISL/KERMADEC,-29.25,-177.917
NZ000093994,19401208,TMAX,217.0,"","",G,"",NZ,1940,RAOUL ISL/KERMADEC,-29.25,-177.917
NZ000093994,19401208,TMIN,171.0,"","",G,"",NZ,1940,RAOUL ISL/KERMADEC,-29.25,-177.917
NZ000093994,19401209,TMAX,211.0,"","",G,"",NZ,1940,RAOUL ISL/KERMADEC,-29.25,-177.917
NZ000093994,19401209,TMIN,174.0,"","",G,"",NZ,1940,RAOUL ISL/KERMADEC,-29.25,-177.917
NZ000093994,19401210,TMAX,213.0,"","",G,"",NZ,1940,RAOUL ISL/KERMADEC,-29.25,-177.917
NZ000093994,19401210,TMIN,171.0,"","",G,"",NZ,1940,RAOUL ISL/KERMADEC,-29.25,-177.917
NZ000093994,19401211,TMAX,216.0,"","",G,"",NZ,1940,RAOUL ISL/KERMADEC,-29.25,-177.917
NZ000093994,19401211,TMIN,174.0,"","",G,"",NZ,1940,RAOUL ISL/KERMADEC,-29.25,-177.917
NZ000093994,19401212,TMAX,218.0,"","",G,"",NZ,1940,RAOUL ISL/KERMADEC,-29.25,-177.917
NZ000093994,19401212,TMIN,174.0,"","",G,"",NZ,1940,RAOUL ISL/KERMADEC,-29.25,-177.917
NZ000093994,19401213,TMAX,220.0,"","",G,"",NZ,1940,RAOUL ISL/KERMADEC,-29.25,-177.917
NZ000093994,19401213,TMIN,174.0,"","",G,"",NZ,1940,RAOUL ISL/KERMADEC,-29.25,-177.917
NZ000093994,19401214,TMAX,224.0,"","",G,"",NZ,1940,RAOUL ISL/KERMADEC,-29.25,-177.917
NZ000093994,19401214,TMIN,160.0,"","",G,"",NZ,1940,RAOUL ISL/KERMADEC,-29.25,-177.917
NZ000093994,19401215,TMAX,231.0,"","",G,"",NZ,1940,RAOUL ISL/KERMADEC,-29.25,-177.917
NZ000093994,19401215,TMIN,151.0,"","",G,"",NZ,1940,RAOUL ISL/KERMADEC,-29.25,-177.917
NZ000093994,19401216,TMAX,232.0,"","",G,"",NZ,1940,RAOUL ISL/KERMADEC,-29.25,-177.917
NZ000093994,19401216,TMIN,155.0,"","",G,"",NZ,1940,RAOUL ISL/KERMADEC,-29.25,-177.917
NZ000093994,19401217,TMAX,227.0,"","",G,"",NZ,1940,RAOUL ISL/KERMADEC,-29.25,-177.917
NZ000093994,19401217,TMIN,179.0,"","",G,"",NZ,1940,RAOUL ISL/KERMADEC,-29.25,-177.917
NZ000093994,19401218,TMAX,223.0,"","",G,"",NZ,1940,RAOUL ISL/KERMADEC,-29.25,-177.917
NZ000093994,19401218,TMIN,163.0,"","",G,"",NZ,1940,RAOUL ISL/KERMADEC,-29.25,-177.917
NZ000093994,19401219,TMAX,229.0,"","",G,"",NZ,1940,RAOUL ISL/KERMADEC,-29.25,-177.917
NZ000093994,19401219,TMIN,149.0,"","",G,"",NZ,1940,RAOUL ISL/KERMADEC,-29.25,-177.917
NZ000093994,19401220,TMAX,229.0,"","",G,"",NZ,1940,RAOUL ISL/KERMADEC,-29.25,-177.917
NZ000093994,19401220,TMIN,160.0,"","",G,"",NZ,1940,RAOUL ISL/KERMADEC,-29.25,-177.917
NZ000093994,19401221,TMAX,243.0,"","",G,"",NZ,1940,RAOUL ISL/KERMADEC,-29.25,-177.917
NZ000093994,19401221,TMIN,187.0,"","",G,"",NZ,1940,RAOUL ISL/KERMADEC,-29.25,-177.917
NZ000093994,19401222,TMAX,243.0,"","",G,"",NZ,1940,RAOUL ISL/KERMADEC,-29.25,-177.917
NZ000093994,19401222,TMIN,167.0,"","",G,"",NZ,1940,RAOUL ISL/KERMADEC,-29.25,-177.917
NZ000093994,19401223,TMAX,243.0,"","",G,"",NZ,1940,RAOUL ISL/KERMADEC,-29.25,-177.917
NZ000093994,19401223,TMIN,184.0,"","",G,"",NZ,1940,RAOUL ISL/KERMADEC,-29.25,-177.917
NZ000093994,19401224,TMAX,244.0,"","",G,"",NZ,1940,RAOUL ISL/KERMADEC,-29.25,-177.917
NZ000093994,19401224,TMIN,197.0,"","",G,"",NZ,1940,RAOUL ISL/KERMADEC,-29.25,-177.917
NZ000093994,19401225,TMAX,258.0,"","",G,"",NZ,1940,RAOUL ISL/KERMADEC,-29.25,-177.917
NZ000093994,19401225,TMIN,198.0,"","",G,"",NZ,1940,RAOUL ISL/KERMADEC,-29.25,-177.917
NZ000093994,19401226,TMAX,238.0,"","",G,"",NZ,1940,RAOUL ISL/KERMADEC,-29.25,-177.917
NZ000093994,19401226,TMIN,185.0,"","",G,"",NZ,1940,RAOUL ISL/KERMADEC,-29.25,-177.917
NZ000093994,19401227,TMAX,226.0,"","",G,"",NZ,1940,RAOUL ISL/KERMADEC,-29.25,-177.917
NZ000093994,19401227,TMIN,176.0,"","",G,"",NZ,1940,RAOUL ISL/KERMADEC,-29.25,-177.917
NZ000093994,19401228,TMAX,229.0,"","",G,"",NZ,1940,RAOUL ISL/KERMADEC,-29.25,-177.917
NZ000093994,19401228,TMIN,181.0,"","",G,"",NZ,1940,RAOUL ISL/KERMADEC,-29.25,-177.917
NZ000093994,19401229,TMAX,233.0,"","",G,"",NZ,1940,RAOUL ISL/KERMADEC,-29.25,-177.917
NZ000093994,19401229,TMIN,182.0,"","",G,"",NZ,1940,RAOUL ISL/KERMADEC,-29.25,-177.917
NZ000093994,19401230,TMAX,234.0,"","",G,"",NZ,1940,RAOUL ISL/KERMADEC,-29.25,-177.917
NZ000093994,19401230,TMIN,176.0,"","",G,"",NZ,1940,RAOUL ISL/KERMADEC,-29.25,-177.917
NZ000093994,19401231,TMAX,234.0,"","",G,"",NZ,1940,RAOUL ISL/KERMADEC,-29.25,-177.917
NZ000093994,19401231,TMIN,169.0,"","",G,"",NZ,1940,RAOUL ISL/KERMADEC,-29.25,-177.917
